filename,cluster
WhatsApp Image 2025-11-10 at 09.05.45 (1).jpeg,2
WhatsApp Image 2025-11-10 at 09.05.45.jpeg,2
WhatsApp Image 2025-11-10 at 09.05.46 (1).jpeg,2
WhatsApp Image 2025-11-10 at 09.05.46 (2).jpeg,2
WhatsApp Image 2025-11-10 at 09.05.46 (3).jpeg,2
WhatsApp Image 2025-11-10 at 09.05.46 (4).jpeg,2
WhatsApp Image 2025-11-10 at 09.05.46.jpeg,2
WhatsApp Image 2025-11-10 at 09.09.54 (1).jpeg,0
WhatsApp Image 2025-11-10 at 09.09.54 (2).jpeg,0
WhatsApp Image 2025-11-10 at 09.09.54 (3).jpeg,0
WhatsApp Image 2025-11-10 at 09.09.54 (4).jpeg,0
WhatsApp Image 2025-11-10 at 09.09.54 (5).jpeg,0
WhatsApp Image 2025-11-10 at 09.09.54.jpeg,0
WhatsApp Image 2025-11-10 at 09.09.55 (1).jpeg,3
WhatsApp Image 2025-11-10 at 09.09.55 (2).jpeg,3
WhatsApp Image 2025-11-10 at 09.09.55 (3).jpeg,3
WhatsApp Image 2025-11-10 at 09.09.55 (4).jpeg,3
WhatsApp Image 2025-11-10 at 09.09.55 (5).jpeg,3
WhatsApp Image 2025-11-10 at 09.09.55 (6).jpeg,3
WhatsApp Image 2025-11-10 at 09.09.55.jpeg,0
WhatsApp Image 2025-11-10 at 09.09.56 (1).jpeg,1
WhatsApp Image 2025-11-10 at 09.09.56 (2).jpeg,1
WhatsApp Image 2025-11-10 at 09.09.56 (3).jpeg,1
WhatsApp Image 2025-11-10 at 09.09.56 (4).jpeg,1
WhatsApp Image 2025-11-10 at 09.09.56 (5).jpeg,1
WhatsApp Image 2025-11-10 at 09.09.56 (6).jpeg,1
WhatsApp Image 2025-11-10 at 09.09.56 (7).jpeg,1
WhatsApp Image 2025-11-10 at 09.09.56.jpeg,3
